preprocessed_tweets,label
 s babies done went through two Economic Crashes  Katrina Trump presidency and a Global Pandemic all before shee,0
 This morning a White House official referred to as the KungFlu to my face Makes me wonder what theyre calling,0
 Youre the best  Because of your show more people are informed about coronavirus after the flaming clown car,0
 the government be like due to the coronavirus we will be providing human rights,0
 asia got the coronavirus on LOCK yet they the ones getting all the racism and hate while europe has it worse and europeans,0
 Update The Cleveland Clinic has developed a COVID test that gives results in hours as opposed to the  days it take,0
 Boomers survived WW and the Cold War just to get smacked by the coronavirus They finally met their match,1
 The fear of the coronavirus is likely to be as or more destructive than the virus itself,0
 Yoooo dis is crazy omggggg CNN Howard University officials have confirmed a case of coronavirus within the student co,0
  flu deaths put no strain on our hospitals but with COVID deaths we are running out of everything creatin,0
The rest of the county should do this ,0
 LIVE Press Briefing with Coronavirus Task Force,0
 Oxford epidemiologist argues via study that half of all Britons may have already been infected by the coronavirus Says her,0
I hope u catch Milanovirus aka covid aka kungflu aka Chinese virus,1
 This is why the beaches havent closed in Florida and why theyve had minimal COVID prevention Absolute dysfunction htt,0
 Coronavirus dad jokes GO This ones from my sister Q What kind of jokes is the CDC recommending during COVID outb,0
Where is joe Biden  Just wake up  What would you have done differently Joe Mutter some bullshit words and Threaten to punch coronavirus in the face you ,0
Nobody could plan for this pandemic No one administration would be prepared or be able To navigate through this smoothly You guys are so quick to jump up and down point the finger and cry with no actual solution in sight,0
 DOJ seeks new emergency powers amid coronavirus pandemic One of the requests to Congress would allow the department to peti,0
Cuz they know everything is about to crash and burn  Thank the democrats They couldnt beat trump any other way so they decided to let this Coronavirus out and crash the economy,0
 My thoughts on this  Be prepared But dont buy into the fear amp panic the media is trying to instill,0
 As a guy who values his health amp well being I had to be sure I didnt have the  Great news Ive been marke,0
 Kevin Durant has tested positive for coronavirus per ,0
Dam even the court house in Oakland is closed today,0
 Oakland is closing schools bc of COVID We support this decision but are concerned about the  kids that rely on,0
 I can confirm this is the only person in any sport I cannot catch this nigga fast as fuck lmao,0
Retail workers should be getting hazardous pay due to the,0
I wasnt tripping off this coronavirus bullshit but now companies like the NBA are taking multi million dollar hits this is something serious,0
What more would you like him to say Honestly fucking liberals cry about everything theres no cure or a way to prevent coronavirus you fucking idiot  Elderly and people with weaker immune systems are most at risk so everything he said is correct,1
 I live in Seattle I have all symptoms of COVID and have a history of chronic bronchitis Since I work in a physic,0
 PSA FOR STUDENTS SWITCHING TO ONLINE LEARNING DUE TO COVID  K amp college students that DO NOT HAVE INTERNET ALR,0
 Coronavirus or not You shouldnt have to be told to wash your fckin hands,1
 rt to save life,0
 Me pretending Im a dog to trick the coronavirus,0
 Thought I had the Coronavirus but the doctor said it was just COVID,0
 college admissions officers reading their th How Surviving the Coronovirus Pandemic Changed My Life essay,0
 PSA Floridians since yall are clearly still enjoying yall lives and going to the beachclubs while theres a whole pandemic o,1
 when the coronavirus tweets are funny but ur still lowkey kinda concerned,0
 Coronavirus trying to enter my body The Ginger Ale in my stomach,0
 If the coronavirus doesnt take you out can I  ,0
 In outbreaks like the current outbreak pandemic Your Health Minister becomes your Commander in Chief Doctors,0
 Maybe oo just maybe after this whole pandemic thing is over our ogas at the top will see a need to fix our health care syst,0
 Coronavirus FCTA shuts markets churches mosques gives sitathome order,0
 Someone said if Coronavirus had started from Nigeria our leaders would have taken their families oversea and leave us to our,1
I said it Africans take everything for joke Why not MONEY DECLARATION AND POWERFUL FACILITIES AGAINST COVID along side your prayers,0
 If it was Covid hed be cool with it,0
 Orange County now has confirmed coronavirus cases including two deaths reported today bringing the total to  Al,0
 MORE DRIVETHRU TESTING People can get tested for without getting out of their cars at a site in Elysian Park but,0
 Every strange feeling I have in body is COVID until proven otherwise,0
 Irvine Dr Timmy Cheng treated COVID patients so hes taking steps to protect his family from the virus has killed tens of t,0
 THIS JUST IN The total number of LAPD officers testing positive for COVID now stands at ,0
 Crews specialized in cleaning crime scenes are working overtime to clean police stations amp vehicles amid emerg,0
Yes I have a playlist called Covid N Single,0
 Individuals who intentionally spread COVID could be charged with terrorism Justice Dept memo says,0
 LAWSUIT The suit alleges China was negligent and hid information about the respiratory illness that might have prev,1
 There are now confirmed cases of coronavirus in Orange County are community acquired A little over  of the,0
 Costco stores are putting plexiglass around registers as coronavirus cases across the nation continue to rise,0
 Two firefighters with the Los Angeles Fire Department have tested positive for coronavirus officials say Latest updates on ,0
 Starbucks is giving free coffee to first responders health care workers battling pandemic,0
 BEWARE There are several tracking and mapping websites that are actually MALWARE sites The ,0
 Twelve inmates have been isolated due to flulike symptoms and eight have had negative COVID test results The remaining fo,0
 Trying to keep up with COVID literature,0
 Officials say inmate at Orange County Jail tested positive for,0
 A person in City has tested positive for  Its the first positive case for Mohave County,0
  The Senate and White House have agreed on a  trillion coronavirus relief package to aid workers businesses and a h,0
 The LA County Sheriffs Department is suspending its effort to close gun stores during the statewide stayathome,0
 Coronavirus Newsom halts state prison intake for next days changes parole process,0
 Breaking Sources say the first Orange County death is reported It was a man in his s with underlying hea,0
 Cal State Long Beach reports students test positive for coronavirus,0
 Nine LAPD employees test positive for coronavirus,0
 Newsom Coronavirus social distancing measures could last two or three months,0
 Clinical trials have begun on a treatment for at only one hospital Drive up testing being done on pos,0
 Researchers at UC Irvine will be among first in nation to test eerimental antiviral drug as treatment for https,0
 UCI researchers will test former Ebola drug as part of coronavirus clinical trial,0
 JUST IN Vice President Mike Pence and the Second Lady have tested negative for COVID,0
 Rihanna has donated  million dollars through her Clara Lionel foundation to fight coronavirus This money will go towards,0
 For the average American the best way to tell if you have covid is to cough in a rich persons face and wait for their test,0
 A firefighter from Irvine Station has tested positive for the  OCFA says its unknown how the firefighter,0
 Did you know any kind of soap is effective against Coronavirus COVID Seriously even the weird decorative soaps y,0
 BREAKING White House Coronavirus Taskforce Response Coordinator says based on data from Italy the mortality in males,0
 I love how people think we can trust Chinas numbers on COVID as if they didnt cover up the outbreak silence doctor,1
 The coronavirus tsunami has engulfed the California economy Normally the state averages  unemployment claims a,0
 This needs to continue being implemented after we are on the other side of COVID Im tired of yall on my neck and o,0
Thank you Nothing Bunt Cakes for letting me know you are still open during COVID  I was getting concerned ,0
 How Orange City Firefighters are responding to potential Covid patients,0
 so fucked up that these gentlemen are forced to work during this pandemic,1
 A VERY DIFFERENT WORLD Actor Jared Leto says he had no idea the coronavirus pandemic had changed nearly every facet of life w,0
 Pandemic or no Pandemic still have to get your fit off,0
 Breaking Kevin Durant has tested positive for the coronavirus per,0
 Number of cases in LA County rises by in a day to reach total,0
 To minimize the outbreak of coronavirus Orange Countys chief health officer said Tuesday she will issue an order banning dine,0
 The World Health Organization said Tuesday that two of its workers have been diagnosed with the coronavirus as healthcare worker,0
 The Coronavirus test does not look fun,0
 We are aware of reports two of the new COVID cases involve residents of  That report has changed nothing Th,0
 NEW LA County officials update new COVID numbers with number of cases in each city cases each in Tarzana Boyle Heights,0
 justin biebers song yummy started the coronavirus,0
 Important updates to our visitor policy at ,0
 Your actions are jeopardizing public health  New Orleans Police as they clear crowds from Bourbon Street ,0
 due to coronavirus my summer body will be postponed until  Thank you for understanding,0
 Gov Newsom calls for all million California seniors to selfisolate all bars to close amid emergency,0
 Coronavirus UC Irvine cancels graduation amid pandemic,0
 The House votes  to pass the Families First Coronavirus Response Act putting tens of billions of dol,0
 JUST IN LASD says inmates across the county have been quarantined over coronavirus concerns though it said at this time no,0
 i just know Meredith Grey could stop the coronavirus,0
 Well see you back real soon,0
 Is it illegal to yell coronavirus in an airport,0
 Why are people stocking up on toilet paper do you just start violently shitting yourself when you contract the coronavirus,1
 Coronavirus trying to enter my body Vicks Vapor Rub,0
 UC Irvine has suspended all athletic competition effective immediately in response to concerns Info,0
 LeBron cooking up a coronavirus cure so he can resume his championship season,0
 COVID spelt backwards is DIVOC and what DIVOC going on,0
 Coronavirus conference cancelled due to coronavirus,0
 when the coronavirus tweets are funny but ur still lowkey kinda concerned,0
 coronavirus seeing all the other terrible shit inside my body,0
 The World Health Organization has announced that dogs cannot contract Covid Dogs previously held in quarantine can now,0
 WATCH  Health officials provide an update on cases in Los Angeles County,0
 Allergy season showing up also during Coronavirus season Which is it,0
 Cardi shares her opinion on the,0
 update Final exams next week will be administered remotely amp Spring quarter instruction will be conducted remotely,0
 Coronavirus got Boomers stocking their doomsday bunkers meanwhile millennials are online shopping for bathing suits for the,1
 Saddleback Medical Center in Laguna Hills confirms it cared for a patient who met criteria to be tested for Coronavirus They,0
 SW CANCELED Austin cancels popular South by Southwest festival amid coronavirus concerns and withdrawal of several major compa,0
 crew members two passengers test positive for out of tests on California cruise ship VP Mike Pence,0
 CSU suspends studyabroad programs in Italy China and South Korea amid coronavirus concerns,0
 is on everyones mind these days but volunteers in our Valley Bureau are putting more than just thought into itthey,0
 Hoag Hospital Newport Beach setting up quarantine area for any possible patients Also stern warning from CA,0
 HEADS UP Starbucks is suspending personal cup use amid outbreak,0
 Medical Screener at has tested positive for the,0
  Medical professional screening travelers at LAX is part of six coronavirus cases confirmed Tuesday night Individual la,0
 Coronavirus or not You shouldnt have to be told to wash your fckin hands,1
  Second case of coronavirus in LA County was confirmed by Kaiser Permanente West Los Angeles Medical Center Patient i,0
 Doctors have noticed something curious Very few children have been diagnosed with coronavirus And of those who have most have,0
 Another Coronavirus related story today Anaheims nd largest convention  Natural Products E postponed after large par,0
 CORONAVIRUS Some stores in Los Angeles are selling out of essential items as more customers stock up due to fears about the spr,0
 Patients dog tests positive for coronavirus,0
 Riverside Co Residents under selfquarantine by Co Health due to possible eure to   ,0
 JUST IN Tokyo Disneyland set to close through midMarch amid coronavirus concerns,0
 As part of efforts related to the Novel Coronavirus this morning my Command Staff and I met to review our Operational,0
  There is ongoing community spread of in and  Older people and people with chronic medic,0
  in  CDC recommends avoiding all nonessential travel to South Korea More info https,0
 County Health Officer Dr Nichole Quick signed a local health emergency declaration today regarding  This is part of,0
  just published guidance on how to prevent the spread of in a workplace amp protect your customers contractors amp,0
 Korean Air attendant diagnosed with after working on Los Angeles flight South Korean media reports https,0
 Now is the time for US businesses hospitals and communities to begin preparing for the possible spread of  CDC conti,0
 Coronavirus patients could arrive in as early as Sunday city leaders have learned A lawsuit to block them h,0
  Americans evacuated from quarantined cruise ship in Japan test positive for coronavirus officials say,0
 Reminder Join the UCI Infectious Disease Science Initiative for a free public seminar on on Feb  Ee,0
 UC Irvine will hold public talk on coronavirus Monday Feb,0
 Novel nCoV Update Anthony Fauci discusses the latest developments with JAMA Editor Howard Bauch,0
  A Korean Air flight headed to Las Vegas was diverted to LAX due to concerns over coronavirus after it was confirmed t,0
 Officials say a child with group under quarantine becomes ill transported to hospital in Riverside https,0
 What you should know about  Le que debe saber del  nCoV ,0
 Coronavirus Drone hovering over China to scold people without masks,0
 Coronavirus Death toll rises to as more than  infected globally sickened in US,0
 UN agency declares coronavirus outbreak a global emergency after number of cases spike tenfold in one week,0
 For more information and FAQs visit the UCI Student Health Center website at ,0
 JUST IN A case of the novel coronavirus which has killed at least people in China has been confirmed in Orange County hea,0
 JUST IN Health officials in Alameda County confirm they are investigating a number of possible cases of Wuhan coronavirus as tr,1
 You may be seeing news stories about a new virus from Wuhan China called Coronavirus While there may be people at UCI,1
 CORONAVIRUS UPDATE Chinese city of Wuhan shuts down all outbound flights and trains after virus kills  No one will,0
 arizona shuts down for a pandemic and suddenly everyones a fucking hiker,0
 Oh youre going through a world pandemic No problem here are exams projects and a lab report all due this week plus you,0
 if my crush doesnt do this when i get coronavirus i dont want them,0
 Coronavirus Florida Lake Worth Beach city commission meeting turns ugly,0
 News dont even tell us the weather nomore they be like good morning CORONAVIRUS,0
 Can yall please just follow the government instructions so we can knock this coronavirus out and be done I feel like a,0
 BREAKING NEWS Bikini Bottom will be under full lockdown until further notice due to the recent COVID outbreak https,0
 the coronavirus to Aries,0
 Me outside the gym trying to convince management to let me in during this pandemic,0
 Vanessa Hudgens during pandemic Calm down guys Were all gonna die anyway  Ashley Tisdale during the pandemic https,0
 Coronavirus gonna disappear one day just like swine fluEbolaya bd and ya edges,0
 La Rosa de Guadalupe is going to make an episode about the coronavirus virus and the plot is going to be about some diso,0
 We should never have to worry about making rent when a health pandemic is taking our jobs,0
 My boyfriends boss is scared of getting the coronavirus so naturally she has decided that instead of finishing at  they,0
 Class of was born during  and now they finna graduate during a pandemic,0
 Coronavirus II is trending and I already ate my Coronavirus I emergency food,0
 I have seen a lot of random coronavirusrelated stories but I did not see monkey gang war coming MONKEY GANGS,0
 Breaking news Chief Keef has been seen working on a solution for COVID,0
 the government be like due to the coronavirus we will be providing human rights,0
 The Coronavirus theme song is a bop I love my people ,0
 The coronavirus canceling my plans,0
 Coronavirus trying to enter my body Caldo de pollo,0
 My coronavirus prep,0
 So coronavirus is airborne or,0
 For fuck sake it is coronavirus not a Diarrhea epidemia WTF is going on,0
 El coronavirus no me puede matar porque yo me mor el da que Valentn Elizalde falleci,0
  An ASU student has been diagnosed with coronavirus in Maricopa County and is Arizonas first confirmed case of,0
 Did Peter Tosh write the perfect theme song for or what,0
 If you believe the world will overcome covid retweet,0
 THANKS TO UNBELIEVABLE JAMAICANS K LISTENERS nd PLACE WORLDWIDE TWITTER TT PARTY AGAINST CORONAVIRUS Very ha,0
 Can yall please just follow the governments instructions so we can knock this COVID out and be done I feel like a ki,0
 actual footage of how soap kills the coronavirus ,0
 Hi thanks for calling the covid hotline My name is X and Im a final year medica Caller,0
 Cardi B screaming Coronavirus has been stuck in my head ,0
I hope Mike Ashley gets its arseholes like him that deserve it not his staff that could potentially get it But he wont coz hes safe in his house Fat lazy excuse for a human being,1
Whoever caused the coronavirus  Although I suspect a few punches wouldnt be on peoples agenda,0
I was considering muting anything to do with the but then I realised Id have no fucker on my tl if I did  Thats our lives now,0
So now all we talk about is the coronavirus now our one pleasurefooty has been taken away ,0
Even is getting in on the advice,0
So the health minister has you cant make this shit up can ya,0
Hold onso its ok to postpone the City vs Arsenal game coz Arsenal played where the owner has and was days ago but its ok for to travel there to play them tomorrow ,1
Whilst I think its a good idea that people work from home coz of the would love to know how Id do that when I travel from business to business looking after their plants  Not everyone works in an office ,0
 Day of Coronavirus Im fvcking over it,1
 This pandemic will be over before the end of April and well have the best summer of our lives,0
 So Ive been through of these Pandemic situations as a healthcare worker The HN Swine Flu amp Bird flu  The numbe,0
I had to break it down to my grandparents that they are grounded and cant leave the house during this pandemic,0
 fuck this pandemic im going on vacation,1
 Due to coronavirus precaution Bob Shellard isnt allowed to visit his wife in her Connecticut nursing home So he stood ou,0
 This isnt a conspiracy tweet but I really think COVID has been here in America for awhile Do you guys remember how sick,1
 JOE BIDEN LITERALLY SAID HELL VETO MEDICARE FOR ALL DURING THE CORONAVIRUS OUTBREAK ON TV THIS MAN IS NOT ELECT,0
 Coronavirus is a government made disease like Ebola,1
 The Coronavirus traveling state to state,0
 Me when I saw this hashtag,0
 So which one of yall botches came to Florida with this shit,0
 Canada Dry dropping a loud pack just in time to combat coronavirus Look at that,0
 You know what magic is When the media convinced us a pandemic which has killed  is more dangerous that one which ki,0
 ChronologyTrackingPaper Trail of Planners Theyve been working on this for a long time Data St,0
 BREAKING French government reverses earlier ban on hydroxychloroquine for treating COVID patients in light of succes,0
 Michigan Man with Coronavirus Has NearDeath Eerience  Is Saved by Hydroxychloroquine Treatment Then UNLOADS on Liber,0
 Ironic Hillary Clinton criticizing President Trump for his handling of the Coronavirus crisis when  backed by the migh,0
 Why would Trump be working so closely with a comped WHO and Clinton Foundationconnected doctor on  Who better,1
 Answering the call its what we do Arrives in Los Angeles in response  https,0
 MARCH   As the COVID outbreak continues we at NATO are deeply grateful to al,0
 UK PM Boris Johnson will most likely recover quickly from CoVid since he has no underlining medical conditions like ,0
 If we are in global pandemic why would the MSM decide to stop broadcasting important information Why does the MSM not want,0
 It is a trifle odd how many toppeople have been infected with the isnt it Especially royals and polit,0
 Cuomo numbers dont add up The total Coronavirus confirmed cases in all of America is  but Cuomo wants ,0
 NYCPolice have been diagnosed with  SkullampBones ,0
 Family friend healthy male about or  was about to go on ventilator last night for covid at NYC hospital They gave him,0
 If governments announced they created a vaccine today would you line up to go get yours Please RT as Im,0
 News reports The heir to the British throne Prince Charles  has tested positive for COVID He is selfisolating in S,0
 Its sad The same people who are worried about their children dying from the Coronavirus are the same ones who are ha,0
 When the Coronavirus finally exhausts itself amp the danger is over lets do something good for our country Lets spend,0
 Harvard President Tests Positive For COVID Live Updates  Zero Hedge,0
 The coronavirus is causing death panic and chaos all over the world This is a captains advice for the rough seas ah,0
Coronavirus Storm,0
 Here is an open letter by Dr Vladimir Zelenko from NY containing a COVID treatment plan Dr Zelenko successfully,0
 Take from this what you will Part,0
 Climate activist Greta Thunberg says shes been ill and suspects she caught the coronavirus after a trip to Central Europe,0
 BREAKING  physicians call for abortions to be halted during pandemic,0
 At least Italian priests have died after contracting coronavirus,0
 actions taken by President Trump to fight the and bolster Americas economy,0
 A great early result from a drug that will start tomorrow in New York and other places,0
 There Effective treatment is here Covid will be yesterdays news in a few weeks or less Then we can get back to JU,0
 When we get beyond this horrid  there may be a great awakening We may come to realize that both poli,0
 Justice Department Files Its First Enforcement Action against COVID Fraud,0
 These doctors are using hydroxychloroquine on COVID patients in Kansas and theyre sharing their story Its working,0
 The elite are using the Coronavirus to make order out of chaos They want to emerge as the savioursthe Phoenix ou,1
 BREAKING Senator Rend Paul Tests Positive For COVID ,0
 I do not understand how our hospitals can handle  flu cases every year but a few thousand COVID cases overwhelm,0
 DOJ seeks new emergency powers amid coronavirus pandemic Why does our Department of Justice need emergency powers dur,0
 FEAR the STORM NOBODY PLAYING THE GAME GETS A FREE PASS NOBODY Q ,0
 Outside of Chicago just now,0
 NBC News Larry Edgeworth died Thursday after testing positive for the coronavirus,0
 Ok Try me A corona typewriter  To a foreign destination  On an airplane Then get  In Australi,0
 Im a nurse Every doctor amp nurse give you a collective eye roll has handled this pandemic w absolute,1
 EVERYONE get tested ASAP The US is taking the coronavirus seriously I hear that new testing methods are being done witho,0
 Bill Clinton Cocaine Bisexual Sex Slave Hilary Clinton Well now ,1
 I think there are more folks on the than Coronavirus deaths so far,1
 NEW YORK  Six people at CBS News have tested positive for coronavirus including a correspondent stationed in Italy ht,0
 Trump was right This pandemic validates the entire Trump doctrine He was right on trade immigration manufacturing,1
 Seven Italian priests have reportedly died of coronavirus,0
 of Coronavirus Deaths in US Are Associated with One Senior Center in Kirkland Washington,0
 Chairman and CEO of Universal Music Diagnosed With Coronavirus The virus simply has a preference for people with fig,1
  Top official who claimed more than  coronavirus cases in Ohio now admits she was just guesstimating  TheBlaz,0
 Stopped up for a snack an is that seriously their drink of the day QUARANTINI,0
 Per statistics number of worldwide deaths JanFeb    Coronavirus   Common cold   Malaria ,0
 JUST IN Former Schiff staffer tests positive for coronavirus Left Schiffs office days ago gtgtgt,0
 My new pick up line If the CoronaVirus doesnt take you out can I,0
 Maintain perspective amid the chaospanic  There have been  confirmed cases of in the US  Ther,0
 Until I am able to make it to the Bridge this should suite,0
 Wyatt with some interesting China covid news Not super related but good info anyway,0
 Toilet paper hoarding Youd think these people have the Chipotlevirus not the coronavirus https,1
 Take increased Coronavirus infections with traditional flu season and add a very poor healthcare system and you get what you,0
 So first big leap of faith lets go ahead and assume that adrenochrome could have been could have been laced with Covid,0
 Heard a scary story about a homeless man in San Francisco testing positive for Coronavirus walking out of an isolation,0
 Its amazing The same people who think the federal government is doing a terrible job at handling the Coronavirus are,1
 Holy moly Massive antigovernment protests in  today defying lockdown But barely a peep fro,0
 While people in the Media create Mass Hysteria over the Coronavirus some say Not to Panic is a bad message I live in,0
 Good news on the coronavirus you wont find anywhere else China has closed down its last coronavirus hospital Not eno,0
 Coronavirusmemeflu is BY FAR the biggest psyop ever performed on the public Were in uncharted waters here Please RT this,0
 A lockdown may be imminent but the cabal need more panic to induce more fear It will then be over to th,1
 I think people are missing the most glaring point here Pun totally intended Coronavirus  Sun morning sickness So,1
 So far this year more people have died from drunk drivers than  yet people are trampling each other t,0
 Liberal media pundits want you to think referring to the coronavirus as the Wuhan or Chinese virus is racist Heres just a,1
 Nearly  people have recovered from the Coronavirus but by all means do what the panDEMic media is saying and freak t,0
 MIT Biologist and Inventer of Email  Dr Shiva Ayyadurai  Says Deep State Fear Mongering on Coronavirus Will Go Down as Big,0
 Sick Nancy Pelosi tried to insert abortion funding measures into the Chinese Coronavirus response stimulus package I,1
 The Coronavirus is a wake up call to AMERICAN manufacturers and consumers Our supply chain for everything from clothes to,1
 President Trump suspends all travel to US from European countries  except the UK  for days due to coronavirus https,0
 As an MIT PhD in Biological Engineering who studies amp does research nearly every day on the Immune System the f,0
 Covid  UPDATE ALL ITALY now under Martial Law million people just received the info from two Italian friends ,0
 When I found out the Coronavirus could last until July or August,0
 To deal with state budget shortfalls during the pandemic emergency should,0
My Friends Cant Get Their Nails Done Fox News Host Laments While Acknowledging People Are Dying From COVID via,0
Holy Crap This Is Insane Citing Coronavirus Pandemic EPA Indefinitely Suspends Environmental Rules  via,1
The Novel Coronavirus has a WellKnown LeftWing Bias via,0
Cat contracts coronavirus FROM sick owner in new case of humantoanimal transition  RT World News,0
Help us After deaths on coronavirushit ship guests clamor to leave,0
Right No question that both nations would like to put US shale out of business but Russia as also in a better position to inflict damage on KSA since Russia has no debts and KSA has mounting debts from their War on Yemen Coronavirus is hurting KSA too,1
 First teen to die from coronavirus was denied care at an urgent care clinic in LA because he did not have health insurance http,1
 While Cuba China and Russia send aid and Doctors around the world to help countries fight COVID The United States is,0
 A wrenching video from a NYC hospital at the center of the pandemic in which an ER doctor describes shortages of,0
I am grateful that we were not forced to stay in our homes and robbed of our liberty I will wear this badge of being in Coronavirus infections with honor Tomorrow we get to diplay our freedom to the world again when this number doubles Take that China,1
You have to wonder about the timing of these charges There were a lot of calls for lifting sanction to help Venezuela containing the coronavirus Also opposition working with Maduro These charges put an end to that,0
I was wondering what happened to the Bolivian bot coup supporters I thought you people were taken off of the payroll since is too busy praying to Jesus that the coronavirus would go away,1
Then why did Bolsonaro kick them out of Brazil and why did the coup president of Bolivia kick them out Thanks to them there are underserved areas in both nations The coronavirus exacerbates this situation,1
The virus was first discovered on Dec th It was reported to the WHO on Dec th once they realized that they had a potential pandemic on their hands It waa reported to the US on Jan rd That is not six weeks Where are you getting six weeks from,0
 China Vietnam Japan Korea etc didnt destroy their economies or sacrifice grandma to stop the coronavirus Instead,0
 He is trying to reduce access to healthcare in the middle of pandemic Insanity,1
Does he regret sending the Cuban Doctors home The areas that they were serving became underserved This pandemic makes that situation much worse Idiot,1
 The Washington Posts neocon editorial board can hardly contain its delight that has reached Venezuela Wit,1
 Cubas doctors arriving in Lombardy Italy today to help contain the outbreak Something we definitely wont s,0
Your biggest questions about coronavirus answered  via,0
The coronavirus needs to overthrow this coup president and restore democracy in Bolivia,1
Dudes are wearing womens panties on their faces as coronavirus masks,1
Somehow I doubt the right wing regime is going to lead the way in pioneering public health methods in protecting their population from the Coronavirus Didnt they just kick out all of the Cuban doctors treating the underserved areas that snobby Bolivian doctors would not serve,1
 Cant figure out how to host a livestream but is ready to guide us through a pandemic and economic calamity Gotcha,0
 Bolsonaro today at his press conference as he continues to claim he twice tested negative for coronavirus even as huge num,0
 As even conservative leaders are proposing cash transfers to help keep their populations afloat during coronavirus relat,0
 When a global pandemic is just another excuse to push regime change WaPo fails to mention that several of Vzlas coronavi,1
We should blow up the bridges  coronavirus leads to class warfare in Hamptons via,1
While Mainstream Democrats Fumble Bernie Sanders Is Modeling a Serious Response to Coronavirus  In These Times,0
US Air Force Flew Half a Million Coronavirus Test Swabs From Italy to Tennessee via,0
Banks pressure health care firms to raise prices on critical drugs medical supplies for coronavirus by,1
 Coming to a city near you Military fleet carries coffins of victims out of overwhelmed Italian tow,0
I am not absolving China In hindsight of course there are things they could have done better If they had acted sooner this probably would not have turned into a pandemic Who is to say that another nation would have reacted more effectively,1
Those kids arent even wearing sunscreen Look at how many of them have sunburns If they arent going to heed warnings about the damage the sun will do they definitely dont care about a coronavirus,0
 Iran released over k prisoners in response to their coronavirus outbreak In Italy riots took place is roughly priso,0
Why are you so busy with sanctioning other nations in the middle of this coronavirus outbreak Your priorities are out of order,1
China rebuts accusation of coverup says it first notified US of coronavirus on Jan via,1
 I dont know who this strong brave lady is but am grateful to her for showing us the ravages of up close Stay saf,0
 If we get amazing viral videos like this every day for the next few months we may survive the coronavirus quarantine a,0
 Maintaining sanctions on Iran as they drown in this pandemic was already monstrous Imposing further ones as was done by t,1
Spain has nationalized all of its private hospitals as the country goes into coronavirus lockdown via,0
Hindu group offers cow urine in a bid to ward off coronavirus,0
Why Britains Coronavirus Strategy is Literally One of the Most Insane Things in Modern History by,1
You Might Be Buying a Hand Sanitizer That Wont Work for Coronavirus,0
How the Senate by snuffing out an amendment pushed through the House by Bernie Sanders paved the way for coronavirus profiteering Biden helped kill the Sanders ammendment by ,1
Theres a Giant Hole in Pelosis Coronavirus Bill,0
Worstcase coronavirus models show massive US toll,0
Mouse Hunt Lab Races To Grow Mice For COVID Research,0
Why Even A Huge Medical Stockpile Will Be Of Limited Use Against COVID,0
US hospitals are already starting to run out of respirator masks crucial for coronavirus protection,0
Coronavirus Chloroquine yields positive data in Covid trial via Trials Arena,0
New info on the incubation period for the COVID Virus,0
Research team has isolated the COVID virus  Sunnybrook Research Institute,0
I am not a socialist Just pointing out the fact that China has done a much better job of managing the Coronavirus crisis,0
 This pretty much sums it up The US is bombing Iraq amid the Coronavirus outbreak while China is delivering eerts and a,1
 Are they going to shoot the coronavirus,0
 Right now in America it is easier to get an AR than a test kit for COVID,1
 Holy moly Massive antigovernment protests in  today defying lockdown But barely a peep fro,1
 Tucker Carlson has spent the week pushing back hard against what had been the Fox narrative that COVID wasnt a big deal,0
Uh oh This must mean the Democrats must have agreed to some big give away to corporations and billionaires Something that is not even related to managing the Coronavirus but it is the price that must be paid if the GOP is going to play ball,1
 While the world is consumed by coronavirus the US is bombing Iraqi militias to retaliate for an attack on US troops in,1
 What exactly do they oppose Is it the free testing for coronavirus The paid emergency medical leave Unemployment insurance,1
 As a pandemic bears down on America a decrepit babbler with a shell of a campaign kept on life support by billionair,1
The US needs to lift these Draconian sanctions that are imposed on Venezuela More people will die when sanctions prevent the nation from importing the necessary medicine and equipment to address this pandemic This amounts to crimes against humanity,1
 Just going to start telling random men I have the Coronavirus so they dont try to fucking touch me,1
One thing is for sure The US response and management of this pandemic will be far worse than anything China has done,1
 China on the  Well build two hospitals in a week and quarantine an entire province work closely with th,0
Embracing Virtual WorkEspecially During a Pandemic,0
Embracing Virtual WorkEspecially During a Pandemic,0
Embracing Virtual WorkEspecially During a Pandemic,0
Embracing Virtual WorkEspecially During a Pandemic,0
Embracing Virtual WorkEspecially During a Pandemic,0
Embracing Virtual WorkEspecially During a Pandemic,0
Embracing Virtual WorkEspecially During a Pandemic,0
Embracing Virtual WorkEspecially During a Pandemic,0
Embracing Virtual WorkEspecially During a Pandemic,0
Embracing Virtual WorkEspecially During a Pandemic,0
Embracing Virtual WorkEspecially During a Pandemic,0
Embracing Virtual WorkEspecially During a Pandemic,0
Embracing Virtual WorkEspecially During a Pandemic,0
 COVID amp the Force Majeure Clause in Leases,0
Embracing Virtual WorkEspecially During a Pandemic,0
Embracing Virtual WorkEspecially During a Pandemic,0
Embracing Virtual WorkEspecially During a Pandemic,0
Embracing Virtual WorkEspecially During a Pandemic,0
Embracing Virtual WorkEspecially During a Pandemic,0
Embracing Virtual WorkEspecially During a Pandemic,0
Embracing Virtual WorkEspecially During a Pandemic,0
 Can the Coronavirus be the End of Coworking Space,0
 Can the Coronavirus be the End of Coworking Space,0
But if they have been in contact with a person thats positive with the coronavirus so hopefully they dont have it,0
 All Celtics have tested NEGATIVE for the Coronavirus Great news  Celtics immune system too strong,0
 President Trump just declared a national emergency due to the coronavirus outbreak,0
 Gonna imagine FS is gonna have Colin Cowherd making analogies of COVIDFlu The Flu is kind of like Baker Mayfield T,0
 Jazz star Donovan Mitchell has tested positive for the coronavirus league sources tell ESPN Jazz players privately say that,0
 Dang RIP to everybody who passed away from COVID,0
 If you see me coughing in public just know I dont have COVID I just got my wax pen,0
 Cant wait to tell my kids Back in my day THE CORONAVIRUS stopped me from graduating WHATS YOUR EXCUSE,0
 This morning I tested positive for Covid  I feel ok I have no symptoms so far but have been isolated since I found out a,0
 More than  of the patients globally have recovered Lets spread the good information as well https,0
 Umm Coronavirus Can you pls go away  pls,0
 Its very alarming that a lot of you werent intact with your hygiene before coronavirus,0
 Tom Hanks son Chet gave an update on his parents condition after they tested positive for  More,0
 The first Silicon Valley death from COVID was a woman in her s Both my parents are in their s If you want to tr,0
 Coronavirus doesnt stand a chance,0
 Coronavirus or not You shouldnt have to be told to wash your fckin hands,1
  Coronavirus case in Santa Clara County is Bay Areas first,0
 This Chinese doctor risked his life speaking the truth on how bad the CORONAVIRUS IS his videos are being deleted by t,1
 I know this pandemic has people fearful amp worried Theres stress amp anxiety about the what we see amp what cant be anticipat,0
see its not about when and how much its about putting peoples minds at ease during a period of uncertainty,0
 Hyped to talk all things COVID with Dr Fauci of the tomorrow This is a conversation for YOU so submit q,0
 One thing I hope someone gets out of this pandemic is to have something saved up for a rainy day or days,0
 Man pulls gun on women he thought could give him coronavirus at metro Atlanta post office police say,1
 New York State is doing more tests per capita than China and South Korea We are doing more tests than any ot,0
 Military personnel are being used to reinforce response  medical support restocking supplies building infrastru,0
 If youre stupid and racist enough to blame random AsianAmerican people for the coronavirus pandemic then you need to self,1
 Ponce City Market will close tonight at pm indefinitely in response to the coronavirus,0
 CORONAVIRUS IN GEORGIA Whats happening today,0
 The NY Governor and President Trump are beefing on Twitter over the coronavirus pandemic,1
 New Jersey Gov orders statewide curfew National Guard units activated in at least six states at lea,0
 During a pandemic the president now tweets that he is considering a Full Pardon for Michael Flynn who pleaded guilty,0
 Pence March  The risk to the American public of contracting the coronavirus remains low Pence just now The risk o,1
Child who tested positive for Coronavirus got Rudy Goberts autograph last weekthis guy I swear lol,0
 Preparing for the worstcase scenario during the coronavirus pandemic the public animal shelters in Fulton and DeKalb,0
 Right now in America it is easier to get an AR than a test kit for COVID,1
 Coronavirus fatality rates by age calculated by the Chinese CDC ages   ages   ages   age,0
 Because of coronavirus for the next days the city cant turn off your water over unpaid bills http,0
 US coronavirus cases over the last week via    cases   cases   cases   cases   ,0
 Going to Lenox Mall is more deadly than the Coronavirus,0
Study COVID Impacts Men Women More Than All Other Genders Combined,0
 BREAKING US overtakes China as the country with the highest number of confirmed coronavirus cases,0
 At the current rate the US will overtake Italy in number of coronavirus cases on Thursday and China on Friday,0
 Instagram be like if you cant do push ups then you have Coronavirus,0
Coronavirus elained easily for you people that arent staying home,0
 Update on in New York There are now  cases of the coronavirus Thats  new cases overnight,0
 BREAK More awful news from Spain coronavirus deaths up  in past hours,0
Lmao we jumped from  to  cases of COVID in days some yall aint actually quarantining,0
 Today I have a message for young people you are not invincible This could put you in hospital for weeks or even,0
 The coronavirus is moving into parts of the world that may be the least prepared Mali has roughly one ventilator per mill,0
 BREAKING The Wii Bowling Alley has closed indefinitely due to recent coronavirus outbreak concerns,0
 weeks its a fucking global pandemic not a hamstring strain,1
 The US is seeing a spike in confirmed coronavirus cases  as the number of tests ramps up,0
 Latest As of  am ET March  there are  coronavirus cases in the US and deaths  up from  cases and,0
 The first coronavirus case in the US and S Korea was detected on the same day By late January Seoul had medical compa,0
 Italy overtakes Chinas death toll AFP tally,0
 Coronavirus cases in Florida jump by nearly overnight now at,0
Baltimore Mayor Begs Residents To Stop Shooting Each Other So Hospital Beds Can Be Used For Coronavirus Patients,1
New Report Warns That Coronavirus Could Kill Million In US Without Drastic Action,0
yearold South Korean dies after testing positive for Covid had no comorbidities and had tested negative multiple times,0
 Muskingum county has confirmed Covid cases because Muskingum County doesnt have the test to test for it Not because,1
Coronavirus reaches  cases worldwide months to reach  and days to reach  cases,0
 Just received confirmation on this from Dallas chief of staff  patients who have coronavirus and are in,0
 PSA If you want to still have movie night with friends without risking COVID spread Chrome has an extension called,0
 New data just posted to   confirmed cases  counties  hospitalizat,0
Italy registers an average of one death every four minutes from coronavirus,0
 is getting severely impacted people have died today,0
 New data just posted to   confirmed cases  negative cases  under inve,0
 is twice as contagious as the flu and times more deadly,0
 Longtime health reporter Charles Ornstein says that comparing the novel coronavirus to the flu is dangerously inaccurate N,0
 With the strong support of  the Families First Coronavirus Response Act passed the House Heres some of the ways i,0
To everyone panicking over the Coronavirus theres a solution here youre not seeing,0
 coronavirus pandemic diary Day  Ive not had sex in months,0
 South Korea has tested  people for coronavirus prioritizing the most vulnerable people The CDC only tested ,0
 maybe ur not scared of coronavirus but u should be scared about passing it on to ppl you know who are at risk thats n,0
 China is trying to blame the Coronavirus on the US and our Media is helping their efforts,1
 of coronavirus patients younger than died from the disease times higher than the seasonal flus  mortality rate among patients or younger Similarly coronavirus appears times deadlier than the flu among adults under  and times deadlier among seniors,0
 Disneyland will officially be closed on March through the end of the month due to concerns over the spread of COVID coronav,0
  I know it is hard to understand since we cant see it but we know that  of our population is c,0
 BREAKING Italy reports  new cases of coronavirus and new deaths raising total to  cases and  dead https,0
 So when exactly are coronavirus tests going to be widely available,0
 BREAKING Denmark closes all schools and universities due to coronavirus orders all public sector employees with noncritical,0
 Italy has recorded a jump of  coronavirus cases on Wednesday with the total tally now at  Italys Civil Protec,0
 Number of deaths from coronavirus in Italy has risen by to in last hours Latest updates,0
  eat ass under the electric sky  suck dick on the edc ferris wheel  hold hands amp die from coronavirus,1
 New information All three individuals who have tested positive for in are from Cuyahoga County,0
 I just spoke to a year old CoronaVirus Patient who is a medical professional and not an alarmist says the virus is worse th,0
 Coronavirus Africa are you ready Africans Yeaaa Coronavirus I said Africans are you readdyyyyyyy ,0
 Playboi Carti predicted Covid,0
 Fuck u Coronavirus we got this fo sho,1
 Thought I had the Coronavirus but the doctor said it was just COVID,0
coronavirus type beat,0
If they called it the flu instead of coronavirus nothing would be canceled and wed be fine,0
Hey coronavirus get a job,0
 Ppl are scared of the coronavirus but go raw everyday,0
Coronavirus when it gets inside my body,0
Alright thats it Im gonna have to put a stop to coronavirus myself,0
Ronaldo might have coronavirus thats tuff,0
Frank Ocean must be mad happy he dont have to perform cuz of coronavirus,0
Mfs say Covid instead of coronavirus and think they have an Ivy League education,1
Coronavirus putting up playoff LeBron numbers in Italy,0
Well with coronavirus in Georgia I guess that means goodbye to the days of eating McNuggets off the floor of my local McDonalds,0
I found the Coronavirus vaccine if anyone wants it,0
 So I just read that  of Americans wouldnt buy Corona beer under any circumstances because of the How,0
How Im running away from Coronavirus,0
 This pandemic is just getting worse amp worse Wishing the best for all of you,0
 Lil Baby was on live coughing talking bout CORONAVIRUS and somebody gon say He need to go to the vet,0
 I think ima add essential employee during pandemic to my resume,0
 Me pretending Im a dog to trick the coronavirus,0
 News dont even tell us the weather nomore they be like good morning CORONAVIRUS,0
 You didnt take Coronavirus serious a month ago,0
 White People COVID Black Folks the RONA Gay People  Miss Rona ,0
 PSA Please Dont Mistake Black Folks Humor About Covid As A Lack Of Concern Or Seriousness We Been Laughing Through Ha,0
 The only thing the Coronavirus is killing Rn is the fuckin vibes bro,1
 why coronavirus gotta hit right when i started getting my shit together,1
 My boyfriends boss is scared of getting the coronavirus so naturally she has decided that instead of finishing at  they,0
 saying covid instead of corona virus,0
